,address,location,AWB,names,product_id,lat,lng
0,"6, Shakambari Nagar, 1st stage, JP Nagar, Bangalore",JP Nagar,62201852038,Vickie Ramos,SKU_144,12.91345,77.57498
1,"1, 24th Main Rd, 1st Phase, Girinagar, KR Layout, Muneshwara T-Block, JP Nagar, Bangalore",JP Nagar,73350066683,Jon Hall,SKU_31,12.94022,77.53995
2,"954, 2nd Floor, 24th Main, 2nd Phase, Opposite LIC Building, JP Nagar, Bangalore",JP Nagar,60104333056,Linda Kurland,SKU_113,-1.0,-1.0
3,"1, 24th Main Rd, 1st Phase, Girinagar, KR Layout, Muneshwara T-Block, JP Nagar, Bangalore",JP Nagar,49726345575,Cora Massart,SKU_23,-1.0,-1.0
4,"67, 15th Cross, 6th B Main, JP Nagar, Bangalore",JP Nagar,33178947349,George Rivas,SKU_144,-1.0,-1.0
5,"281, 2nd Floor, 15th Cross, 5th Phase, JP Nagar, Bangalore",JP Nagar,76031744666,Anna Kelly,SKU_38,-1.0,-1.0
6,"Cross Roads Inn, 827, Near RV Dental College Compound, 24th Main, 12th Cross, JP Nagar, Bangalore",JP Nagar,81926175607,Virginia Sauer,SKU_109,-1.0,-1.0
7,"21, 24th Main Road, 6th Phase, JP Nagar, Bangalore",JP Nagar,27632908686,Jesse Chan,SKU_141,-1.0,-1.0
8,"99/4, Nataraja Layout, 7th Phase, JP Nagar, Bangalore",JP Nagar,66314622688,Johnny Runyan,SKU_134,-1.0,-1.0
9,"72, 2nd Floor, Next to Max & Crossword, 3rd Phase, Inner Ring Road, JP Nagar, Bangalore",JP Nagar,83288941747,Yvonne Haddad,SKU_58,-1.0,-1.0
10,"Eden Park7, 8 Doresani Palya, Near Kalyani Magnum, Opposite Oracle, 5th Phase, JP Nagar, Bangalore",JP Nagar,36774055970,Frank Garcia,SKU_16,-1.0,-1.0
11,"Amoolya, 1st Floor, 24th Main, 6th Phase, JP Nagar, Bangalore",JP Nagar,49180403091,Ronnie Cameron,SKU_9,-1.0,-1.0
12,"47/1, 9th Main,1st Cross, Miniforest, Phase 3, JP Nagar, Bangalore",JP Nagar,65307617155,Teresa Ford,SKU_59,-1.0,-1.0
13,"The HHI Select Bengaluru Hotel, 686, 15th Cross, Ring Road, 2nd Phase, JP Nagar, Bangalore",JP Nagar,32162999926,Miguel Evanoff,SKU_44,-1.0,-1.0
14,"Quality Inn - Shravanthi, 60, 13th Cross, 2nd Main, 3rd Phase, JP Nagar, Bangalore",JP Nagar,67841310375,Brenda Berry,SKU_103,-1.0,-1.0
15,"5th Cross Road, Dollar Layout, 3rd Phase, JP Nagar, Bangalore",JP Nagar,98072567575,Brian Glass,SKU_45,-1.0,-1.0
16,"57, 15th Cross Road, Outer Ring Road, Phase 6, JP Nagar, Bangalore",JP Nagar,81028594970,Daniel Moore,SKU_92,-1.0,-1.0
17,"97, Wilson Garden Housing Society, 7th Phase, JP Nagar, Bangalore",JP Nagar,72346908029,James Rego,SKU_13,-1.0,-1.0
18,"44-45, Terrace Floor, 24th Main Road, 7th phase, JP Nagar, Bangalore",JP Nagar,73908465584,Mildred Richards,SKU_98,-1.0,-1.0
19,"Amoolya, 1st Floor, 24th Main, 6th Phase, JP Nagar, Bangalore",JP Nagar,82980897770,Daren Devit,SKU_74,-1.0,-1.0
20,"8, 15th Main, 5th Phase, JP Nagar, Bangalore",JP Nagar,72031214940,Sarah Kardashian,SKU_138,-1.0,-1.0
21,"114, Kothanur Main Road, Santrupthi Nagar, 7th Phase, JP Nagar, Bangalore",JP Nagar,13346207178,Ryan Orlando,SKU_29,-1.0,-1.0
22,"Site 15, 15th Cross, 100 Feet Road, 4th Phase, JP Nagar, Bangalore",JP Nagar,66193906105,Gerard Cardin,SKU_96,-1.0,-1.0
23,"204, 4th Cross, KSRTC Layout, 2nd Phase, JP Nagar, Bangalore",JP Nagar,18834198685,Rebecca Vanos,SKU_56,-1.0,-1.0
24,"18, K.R Layout, Dollar Colony, 4th Phase, JP Nagar",JP Nagar,77357637627,Willie Matson,SKU_100,-1.0,-1.0
25,"Someshwara Bhavan, RBI Layout, 7th Phase, Kothnur Main Road, JP Nagar, Bangalore",JP Nagar,50570222462,Jason Taylor,SKU_95,-1.0,-1.0
26,"10/3, Shamanna Garden, 22nd Main Rd, Phase 5, JP Nagar, Bangalore",JP Nagar,86868052143,Mabel Covell,SKU_29,-1.0,-1.0
27,"296, Ground Floor, 5th Phase, 100 ft Outer Ring Road, JP Nagar, Bangalore",JP Nagar,60270106051,Martha Braun,SKU_103,-1.0,-1.0
28,"46/A, 1st Main, 3rd Phase, JP Nagar, Bangalore",JP Nagar,61686659900,James Riley,SKU_22,-1.0,-1.0
29,"Brigade Millenium Inside Indian Music Experience Museum, JP Nagar, Bangalore, Bengaluru",JP Nagar,69289578038,Elijah Reno,SKU_51,-1.0,-1.0
30,"81, 7th Main, 5th Cross, Bank of Baroda Colony, 7th Phase, JP Nagar, Bangalore",JP Nagar,71217404672,Lidia Wickham,SKU_58,-1.0,-1.0
31,"JP Nagar, Phase 7, Bangalore",JP Nagar,24549099395,Freda Beauchamp,SKU_40,-1.0,-1.0
32,"724, 3rd Floor, RBI Layout, Rini Pearl, Opposite E.K. Retail, 7th Phase, JP Nagar, Bangalore",JP Nagar,50581824353,Tim Sokol,SKU_125,-1.0,-1.0
33,"305, Anand NR Onyx, 15th Cross, 100 Feet Ring Road, 5th Phase Extension, JP Nagar, Bangalore",JP Nagar,52273090335,Antonio Oliver,SKU_7,-1.0,-1.0
34,"104/1, 21st Main Road, 6th Cross Road, R K Colony, JP Nagar 2nd Phase, Bangalore",JP Nagar,60730226124,Richard Book,SKU_147,-1.0,-1.0
35,"1260 SY 35/4 SJR Tower's, 24th Main Puttanhalli, 7th Phase, JP Nagar Bangalore",JP Nagar,38777880457,Karen Yuen,SKU_137,-1.0,-1.0
36,"1260 SY 35/4 SJR Tower's, 24th Main Puttanhalli, JP Nagar 7th Phase, Bangalore",JP Nagar,14876577908,John Fridley,SKU_21,-1.0,-1.0
37,"1260, SY 35/4, SJR Towers, 24th Main Puttanhalli, 7th Phase, JP Nagar, Bangalore",JP Nagar,15743308603,Louise Lynch,SKU_15,-1.0,-1.0
38,"1260 SY 35/4 SJR Tower's, JP Nagar 7th Phase, 24th Main Puttanhalli, JP Nagar, Bangalore",JP Nagar,96594637899,Sam Vest,SKU_83,-1.0,-1.0
39,"1260, SY 35/4, SJR Towers, 24th Main Puttanhalli, 7th Phase, JP Nagar, Bangalore",JP Nagar,75423501902,Doris Floyd,SKU_143,-1.0,-1.0
40,"5th A Cross, Lakshmi Complex, Manjunatha Colony, Near RV Dental College, 2nd phase, JP Nagar, Bangalore",JP Nagar,13385067871,Leticia Coleman,SKU_28,-1.0,-1.0
41,"#35/4, 24th main JP Nagar 7th phase, Puttenahalli, JP Nagar, Bangalore",JP Nagar,25281194232,Christine Pfeiff,SKU_117,-1.0,-1.0
42,"99/2A, Kothnoor Main Road, Opposite RBI Layout Bus Stop, 7th Phase, JP Nagar, Bangalore",JP Nagar,60615787248,William Rivera,SKU_77,-1.0,-1.0
43,"77/1, 24th Main, 2nd Phase, JP Nagar, Bangalore",JP Nagar,85830764356,John Dutton,SKU_144,-1.0,-1.0
44,"18th Cross road, 5th Phase, JP Nagar, Bangalore",JP Nagar,87207515803,Angela Cowman,SKU_59,-1.0,-1.0
45,"1260, SY 35/4, SJR Tower's, 7th Phase, 24th Main Puttanhalli, JP Nagar, Bangalore",JP Nagar,62376246282,Edward Leon,SKU_123,-1.0,-1.0
46,"1260 SY 35/4 SJR Tower's, JP Nagar 7th Phase, 24th Main Puttanhalli, JP Nagar, Bangalore",JP Nagar,34763837898,Michael Parenteau,SKU_141,-1.0,-1.0
47,"Shop 1, 129, 24th Main, 5th Phase, JP Nagar, Bangalore",JP Nagar,95782788535,Daniel Tremper,SKU_91,-1.0,-1.0
48,"311, 15th Cross, 5th Phase, JP Nagar, Bangalore",JP Nagar,92874070081,Thomas Lyons,SKU_18,-1.0,-1.0
49,"Big Bazzar Building, JP Nagar, Bangalore",JP Nagar,28090773455,Antoine Robertson,SKU_130,-1.0,-1.0
50,"15, 7th Cross, Near Mother Teresa School, ITI Layout, Hosapalya Main Road, HSR, Bangalore",HSR,65216540873,Nathan Merkel,SKU_65,-1.0,-1.0
51,"119/19, Ground Floor, 10th Cross, Venkateshwara Layout, SG Palya, HSR, Bangalore",HSR,30262250302,Jenna Reed,SKU_136,-1.0,-1.0
52,"1554, Ground Floor, 19th Main, Sector 1, HSR, Bangalore",HSR,95752660397,William Wilson,SKU_9,-1.0,-1.0
53,"7th Cross, Sector 1, HSR, Bangalore",HSR,30449400919,Bonnie Heath,SKU_91,-1.0,-1.0
54,"27th Main road, Sriven Teesta, Near Raymond?s Showroom HSR, Bangalore",HSR,52917061849,Katrina Hilderbrandt,SKU_8,-1.0,-1.0
55,"2331, 17th Cross, 24th Main, HSR, Bangalore",HSR,41474085570,Terresa Breau,SKU_70,-1.0,-1.0
56,"Shop 5, LNR Building, Harlur Road, HSR, Bangalore",HSR,74962568491,Carol Pettway,SKU_93,-1.0,-1.0
57,"64&65, 27th Main Road, Sector 1, HSR Layout",HSR,33783112676,Glennie Delacruz,SKU_106,-1.0,-1.0
58,"27th Main, Near NIFT, Sector-1, HSR, Bangalore",HSR,40837739535,Margie Galvan,SKU_76,-1.0,-1.0
59,"2318, 27th Main Road, 1st Sector, HSR, Bangalore",HSR,42498449819,Kenneth Baker,SKU_82,-1.0,-1.0
60,"569/4, Sector 1, HSR, Bangalore",HSR,14699928469,Lucille Keirstead,SKU_123,-1.0,-1.0
61,"1554, Ground Floor, 19th Main, Sector - 1, HSR, Bangalore",HSR,54163870135,Tara Allen,SKU_47,-1.0,-1.0
62,"2733, 16th Cross, 27th Main, Opposite NIFT, Sector 1, HSR Layout, Bangalore, HSR, Bangalore",HSR,98967476662,Marshall Quinton,SKU_142,-1.0,-1.0
63,"543, 7th Cross, 24th Main, Opposite Nous Info Systems, Sector 1, HSR, Bangalore",HSR,94332983235,Gustavo Bailey,SKU_117,-1.0,-1.0
64,"13th Cross, 24th Main, Opposite Assetz Apartment, 1st Sector, HSR, Bangalore",HSR,21104565365,Kathleen Cantrell,SKU_76,-1.0,-1.0
65,"7th Cross Road, Agara Village, 1st Sector, HSR, Bangalore",HSR,78472305957,Donald Allen,SKU_139,-1.0,-1.0
66,"680-669, 13th Cross Rd, 1st Sector, HSR Layout, Bengaluru, Karnataka",HSR,11910424508,Nanette Mcbride,SKU_89,-1.0,-1.0
67,"2724, 31st Main, 17th Cross, HSR, Bangalore",HSR,89394948450,David Webber,SKU_42,-1.0,-1.0
68,"1543, 7th Cross, 19th Main, 1st Sector, HSR, Bangalore",HSR,87898682349,Brian Isom,SKU_81,-1.0,-1.0
69,"1214, 17th Cross Road, Parangi Palaya, Sector 2, HSR Layout, Bangalore",HSR,71466613736,Ralph Martin,SKU_59,-1.0,-1.0
70,"Basement 2064, Siri Iris Building, 24th Main, N.R.T.A Enclave, HSR, Bangalore",HSR,58089927559,Dana Farley,SKU_89,-1.0,-1.0
71,"809/A, 27th Main, 100 Feet Road, 1st Sector, HSR, Bangalore",HSR,85539430303,Sherry Ludlam,SKU_50,-1.0,-1.0
72,"Building 2686, 31 Main, 13 Cross, Sector 1, Behind CPWD Quarters, HSR Layout, HSR, Bangalore",HSR,85984892588,Amber Smith,SKU_147,-1.0,-1.0
73,"191, Ground Floor, 27th Main Road, Near CPWD Quarters, Beside Lawrance & Mayo, Sector 2, HSR, Bangalore",HSR,53402748741,Juanita Pahulu,SKU_53,-1.0,-1.0
74,"2633, 27th Main, 13th Cross, 1st Sector, Liss Arcade, HSR, Bangalore",HSR,49002247401,Mary Davis,SKU_13,-1.0,-1.0
75,"1548, 19th Main, Outer Ring Road, Opposite BMTC Bus Depot, HSR, Bangalore",HSR,29805721561,Carma Haynie,SKU_41,-1.0,-1.0
76,"2733, 16th Cross, 27th Main Road, Oppsite, NIFT College, 1st Sector, HSR Layout, Bangalore",HSR,84618864102,Daniel Miller,SKU_119,-1.0,-1.0
77,"2610, 27th Main, Near NIFT, HSR Layout, HSR, Bangalore",HSR,50745703670,Christopher Porter,SKU_106,-1.0,-1.0
78,"1, 328, 27th Main, 21st Cross, Sector 2, HSR, Bangalore",HSR,89111417547,Larry Herndon,SKU_48,-1.0,-1.0
79,"49, Agara Circle, Near Hanuman Statue, HSR Layout, HSR, Bangalore",HSR,56766768595,Elaine Watson,SKU_19,-1.0,-1.0
80,"Opposite NIFT College, 2733, 16th Cross, 27th Main Road, PWD Quarters, 1st Sector, HSR Layout, HSR, Bangalore",HSR,85469796479,Theodore Bunch,SKU_38,-1.0,-1.0
81,"#2733, 16th Cross, 27th Main, Opppsite NIFT College, Sector 1, HSR, Bangalore",HSR,31316164825,Joe Worley,SKU_110,-1.0,-1.0
82,"Next to Grigliato, Sector 1 , HSR Layout, HSR, Bangalore",HSR,18227945733,Amber Johnson,SKU_55,-1.0,-1.0
83,"2606, Ground Floor, The Ambience Building, 16th Cross, 27th Main, Sector 1, HSR, Bangalore",HSR,94402524628,Howard Roman,SKU_85,-1.0,-1.0
84,"2802, 27th Main Road, Sector 1, HSR, Bangalore",HSR,46205581478,Benjamin Smith,SKU_103,-1.0,-1.0
85,"1562, Sector 1, HSR, Bangalore",HSR,22921695090,Charles Trembley,SKU_2,-1.0,-1.0
86,"2738, 27th Main, Sector 1, HSR, Bangalore",HSR,91311238475,Marissa Coram,SKU_28,-1.0,-1.0
87,"646, 12th Cross, 27th Main, Sector 1, HSR, Bangalore",HSR,89040589151,Iva Bell,SKU_20,-1.0,-1.0
88,"647, Ground Floor, 27th Main Road, Sector 1, HSR, Bangalore",HSR,96874607527,Frances Chai,SKU_110,-1.0,-1.0
89,"191, First Floor, 27th Main, Sector 2, HSR, Bangalore",HSR,17354068059,Clarence Fuller,SKU_69,-1.0,-1.0
90,"2317, 27th Main, Sector 1, Opposite NIFT College, HSR Layout, HSR, Bangalore",HSR,76687493477,Marvin Buck,SKU_73,-1.0,-1.0
91,"2628, 27th Main Road, 1st Sector, HSR Layout, Bangalore, HSR, Bangalore",HSR,50915970151,Milton Wilson,SKU_77,-1.0,-1.0
92,"1554, Ground Floor, 19th Main, Sector - 1, HSR, Bangalore",HSR,19365687734,Angela Hindman,SKU_34,-1.0,-1.0
93,"780, 12th Cross, 19th Main, HSR, Bangalore",HSR,20687322207,Carol Upchurch,SKU_10,-1.0,-1.0
94,"2606, The Ambience, 27th Main Road, 16th cross, HSR Layout",HSR,47082143365,Peggy Hwang,SKU_64,-1.0,-1.0
95,"331, Ground Floor, 27th Main, 2nd Stage, HSR, Bangalore",HSR,81727476606,William Sherman,SKU_146,-1.0,-1.0
96,"1548, 3rd Floor,19th Main Road, Sector 1, Agara Village, HSR, Bangalore",HSR,28764133976,Shana Davis,SKU_123,-1.0,-1.0
97,"Shop 339, 27th Main Road, HSR Layout Sector 2, Bangalore",HSR,66471762239,Jesus Rodriguez,SKU_106,-1.0,-1.0
98,"2610, 27th Main, Near NIFT, HSR Layout, HSR, Bangalore",HSR,28074155949,Thelma Howells,SKU_83,-1.0,-1.0
99,"1558, 19th Main, Ring Road, Near Indian Oil Petrol Bunk, Sector 1, HSR, Bangalore",HSR,39213602287,Raymond Huffman,SKU_50,-1.0,-1.0
100,"712, 6th Cross, 5th Main, Off 80 Feet Road, Indiranagar, Bangalore",Indiranagar,21225161006,Joanna Evetts,SKU_9,-1.0,-1.0
101,"14, 2nd Floor, Church Street, Bangalore",Indiranagar,15239382796,Virginia Cole,SKU_27,-1.0,-1.0
102,"First Floor, 14, Church Street, Bangalore",Indiranagar,99015056791,Normand Ashford,SKU_113,-1.0,-1.0
103,"36, Off MG Road, Church Street, Bangalore",Indiranagar,44759282449,Robert Olsen,SKU_83,-1.0,-1.0
104,"42, Church Street, Bangalore",Indiranagar,52059909281,Joyce Brothers,SKU_107,-1.0,-1.0
105,"19, Church Street, Bangalore",Indiranagar,73238382715,Raymond Hernandez,SKU_139,-1.0,-1.0
106,"33, High Gates Hotel, Church Street, Bangalore",Indiranagar,76893410434,George Garrett,SKU_10,-1.0,-1.0
107,"2, Church Street, Bangalore",Indiranagar,84366653069,Phyllis Ehlers,SKU_116,-1.0,-1.0
108,"46, Church Street, Bangalore",Indiranagar,41965274833,Ralph Evans,SKU_88,-1.0,-1.0
109,"9/3, Prestige Pearl House, Museum Road, Church Street, Bangalore",Indiranagar,40661403008,Shawn Reeves,SKU_23,-1.0,-1.0
110,"1A, Church Street, Bangalore",Indiranagar,59997033261,Lelia Wooten,SKU_114,-1.0,-1.0
111,"G-005, City Centre, 28/4, Church Street, Bangalore",Indiranagar,83381832974,Christopher Watters,SKU_106,-1.0,-1.0
112,"22, Amoeba Complex, Church Street, Bangalore",Indiranagar,98170732794,Twyla Nichols,SKU_1,-1.0,-1.0
113,Church Street,Indiranagar,69379883919,Joe Lawson,SKU_124,-1.0,-1.0
114,"24, Church Street, Bangalore",Indiranagar,70918939146,Mary Reed,SKU_127,-1.0,-1.0
115,"765, 1st Floor, 1st Main, Domlur Layout, Domlur, Bangalore",Indiranagar,81721151401,Scott Peabody,SKU_17,-1.0,-1.0
116,"8/ 9, 17th F Cross, 2nd Stage, Indiranagar, Bengaluru",Indiranagar,29925333677,Terry Mitchell,SKU_81,-1.0,-1.0
117,"Next to CMH Metro Station, CMH Road, Indiranagar, Bangalore",Indiranagar,46767096463,Thomas Viviano,SKU_146,-1.0,-1.0
118,"Ground Floor, Sri Shiva Sai Complex, 13th Cross, 7th Main, 2nd Stage, HAL, Off Double Road, Indiranagar, Bangalore",Indiranagar,92941598133,Joseph Boyd,SKU_129,-1.0,-1.0
119,"Domlur, Bangalore",Indiranagar,86841663173,George Douglas,SKU_17,-1.0,-1.0
120,"46, Church Street, Bangalore",Indiranagar,24472334890,Marjorie Williamson,SKU_91,-1.0,-1.0
121,"Shop 6, First Floor, Binnamangala First Stage, Indiranagar, Bangalore",Indiranagar,26105795180,Roger Bouldin,SKU_18,-1.0,-1.0
122,"970, 12th Main, 5th Cross, Indiranagar, Bangalore",Indiranagar,94667742985,Daniel Marrin,SKU_113,-1.0,-1.0
123,"1088, 12th Main, HAL 2nd Stage, Off 100 Feet Road, Indiranagar, Bangalore",Indiranagar,38434272738,Trudy Moore,SKU_123,-1.0,-1.0
124,"181, 3rd Floor, Amar Jyothi Layout, Inner Ring Road, Domlur, Bangalore",Indiranagar,53198547414,Kathleen Thompson,SKU_110,-1.0,-1.0
125,"544, First Floor, Near Indiranagar Metro Station, CMH Road, Indiranagar, Bangalore",Indiranagar,38200322788,Michael Frasier,SKU_45,-1.0,-1.0
126,"212/A, 1st Main Road, Stage 2, Indiranagar, Bangalore",Indiranagar,47003637195,Marshall Parham,SKU_131,-1.0,-1.0
127,"598, 1st floor, 1st Cross, 1st A Main Road, Domlur Layout, Domlur, Bangalore",Indiranagar,89741372672,Sandra Downes,SKU_118,-1.0,-1.0
128,"598, 1st floor, 1st Cross, 1st A Main Road, Domlur Layout, 1st Stage, Domlur, Bangalore",Indiranagar,85725180680,Stanley Davis,SKU_72,-1.0,-1.0
129,"197/A, Double Road, 2nd Stage, Opposite HDFC Bank, Indiranagar, Bangalore",Indiranagar,70899793952,Gary Simmons,SKU_121,-1.0,-1.0
130,"G-005, City Centre, 28/4, Church Street, Bangalore",Indiranagar,61422999142,Aldo Edsall,SKU_45,-1.0,-1.0
131,"4, 39/1, St Mary's Building, 2nd Stage, Indiranagar, Bangalore",Indiranagar,55525210263,Mary Perez,SKU_55,-1.0,-1.0
132,"212/A, 1st Main Road, Stage 2, Indiranagar, Bangalore",Indiranagar,13337031353,Lawerence Lindsay,SKU_75,-1.0,-1.0
133,"48, Triumph Towers, Church Street, Bangalore",Indiranagar,73796529420,Jesse Suarez,SKU_98,-1.0,-1.0
134,"Srinivasan Towers, ESI Hospital Road, Off Double Road, Indiranagar, Bangalore",Indiranagar,55217454663,Joseph Jones,SKU_142,-1.0,-1.0
135,"Number 4 St Mary's Building, 39/1, 2nd Stage, Indiranagar, Bangalore",Indiranagar,38653109135,Samuel Sampley,SKU_148,-1.0,-1.0
136,"949, Ground Floor, HAL 2nd Stage, 12th Main, 100 feet Road, Indiranagar, Bangalore",Indiranagar,77604849495,Patricia Johnston,SKU_20,-1.0,-1.0
137,"50/1, Haridevpur, Shantala Nagar, Ashok Nagar, Church Street, Bangalore",Indiranagar,75568022308,Pam Trela,SKU_90,-1.0,-1.0
138,"1324, Double Road, 2nd Stage, Opposite Cauvery School, Indiranagar, Bangalore",Indiranagar,81655937477,Jose Williams,SKU_115,-1.0,-1.0
139,"1083, 12th main, 5th Cross, Indiranagar, Bangalore",Indiranagar,20550226542,Doria Ferguson,SKU_114,-1.0,-1.0
140,"949, 12th Main, Ground Floor, Off 100 Feet Road, Indiranagar, Bangalore",Indiranagar,62399381626,Harvey Tyner,SKU_91,-1.0,-1.0
141,"2nd Stage, Indiranagar, Bangalore",Indiranagar,91477551055,Thomas Lindquist,SKU_52,-1.0,-1.0
142,"3217, 13th Cross, Indiranagar, Bangalore",Indiranagar,66146763539,Shirlee Tennant,SKU_10,-1.0,-1.0
143,"12th Main, HAL 2nd Stage, ESI To Domlur, Service Road, Indiranagar, Bangalore",Indiranagar,84612864961,Shelia West,SKU_80,-1.0,-1.0
144,"12th Main Road Junction, Double Road, Indiranagar, Bangalore",Indiranagar,75506986031,Anna Bundy,SKU_86,-1.0,-1.0
145,"4, St Mary's Building, 2nd Stage, Indiranagar, Bangalore",Indiranagar,62280811516,Gertrude Frazier,SKU_70,-1.0,-1.0
146,"46/1, Cobalt Building, Church Street, Bangalore",Indiranagar,81065467193,Jeffrey Mekee,SKU_69,-1.0,-1.0
147,"39/7, 5th Cross, 6th Main, Appareddy Palya, Indiranagar, Bangalore",Indiranagar,79226518761,John Dennis,SKU_6,-1.0,-1.0
148,"949, 12th Main Rd, Appareddipalya, Indiranagar, Bengaluru, Karnataka",Indiranagar,65665446450,Mary Walton,SKU_61,-1.0,-1.0
149,"598, 1st Floor, 1st Cross, 1st A Main Road, Domlur Layout, 1st Stage, Domlur, Bangalore",Indiranagar,96249705883,Rosa Alvarez,SKU_18,-1.0,-1.0
150,"2/1 Unit 6, Hoodi Kodigehalli Road, Opposite Crystal Apartment, KR Puram, Bangalore",KR Puram,80856836359,Beverly Coleman,SKU_86,-1.0,-1.0
151,"39, Aiyaapanagar Main Road, Near Krishna Community Hall, KR Puram, Bangalore",KR Puram,63269771781,Deanna Castille,SKU_43,-1.0,-1.0
152,"92, Kodigehalli Main Road, Ayyappa Nagar, KR Puram, Bangalore",KR Puram,81129879069,Virginia Hernandez,SKU_104,-1.0,-1.0
153,"Devasandra Main Road, Ayyappa Nagar, KR Puram, Bangalore",KR Puram,28529174781,Bryan Warthen,SKU_12,-1.0,-1.0
154,"92, Ground Floor, Muninanjappa Gardens, Kodigehalli Main Road, KR Puram, Bangalore",KR Puram,62724763094,Jacob Mccroy,SKU_67,-1.0,-1.0
155,"Coconut Garden Layout, Kodigehalli Main Road, KR Puram, Bangalore",KR Puram,62644046092,Sherry Cole,SKU_69,-1.0,-1.0
156,"21/28, Radhakrishna Nilaya, Opp SEA Institutions, Ayappa Nagar, KR Puram, Bangalore",KR Puram,17432534499,Verna White,SKU_132,-1.0,-1.0
157,"2/1 Unit 6, Hoodi Kodigehalli Road, Opposite Crystal Apartment, KR Puram, Bangalore",KR Puram,84273793675,James Horne,SKU_150,-1.0,-1.0
158,"7, Anurhh Arcade, Hoodi Road, Kodigehalli Road, KR Puram, Bangalore",KR Puram,60381594139,Marlon Leonard,SKU_91,-1.0,-1.0
159,"76, Shruthi Layout, Basavanapura Main Road, KR Puram, Bangalore",KR Puram,61354798733,Matthew Bass,SKU_97,-1.0,-1.0
160,"7, Anurhh Arcade, Hoodi Road, Kodigehalli Road, KR Puram, Bangalore",KR Puram,60559333974,Romelia Phillips,SKU_12,-1.0,-1.0
161,"Shop 2, Kodigahalli Main Road, KR Puram",KR Puram,89948676925,James Carlen,SKU_73,-1.0,-1.0
162,"2/1 Unit 6, Hoodi Kodigehalli Road, Opposite Crystal Apartment, KR Puram, Bangalore",KR Puram,44140764186,Abraham Rehkop,SKU_142,-1.0,-1.0
163,"44, Kodigehalli to Hoodi Main Road, Mahadevapura Post, KR Puram, Bangalore",KR Puram,34795550625,Diana Gerry,SKU_136,-1.0,-1.0
164,"7, Anurhh Arcade, Hoodi Road, Kodigehalli Road, KR Puram, Bangalore",KR Puram,81037487822,Carl Luskey,SKU_143,-1.0,-1.0
165,"2/1 Unit 6, Hoodi Kodigehalli Road, Opposite Crystal Apartment, KR Puram, Bangalore",KR Puram,47626343441,Virginia Hartzler,SKU_36,-1.0,-1.0
166,"Shop 2, Kodigahalli Main Road, KR Puram",KR Puram,84014569034,Peggy Heisler,SKU_116,-1.0,-1.0
167,"7, Anurhh Arcade, Hoodi Road, Kodigehalli Road, KR Puram, Bangalore",KR Puram,15145909184,Tiffany Coker,SKU_70,-1.0,-1.0
168,"Near Bank Of India ATM, Ramka Colony, Bilekahalli, Marathahalli, Bangalore",MTH,35496906287,Jessica Blakely,SKU_41,-1.0,-1.0
169,"Near Bank Of India ATM, Ramka Colony, Bilekahalli, Marathahalli, Bangalore",MTH,47772983315,Larry Solomon,SKU_24,-1.0,-1.0
170,"595, Ground Floor, Kundalahalli, Varthur Hobli Mahadevpura, Marathahalli, Bangalore",MTH,25842170396,Jon Villanueva,SKU_79,-1.0,-1.0
171,"20/7, Swamy Legato, Outer Ring Road, Kadubeesanahalli, Marathahalli, Bangalore",MTH,60147650973,Richard Wheeless,SKU_68,-1.0,-1.0
172,"20\5, Panathur Junction, Outer Ring Road, Kadubeessanahalli, Marathahalli, Bangalore",MTH,84961010116,John Kessler,SKU_8,-1.0,-1.0
173,"20/5, 1st Floor, Panathur Junction, Outer Ring Road, Marathahalli, Bangalore",MTH,19783328541,Anthony Torres,SKU_67,-1.0,-1.0
174,"Ibis Bengaluru, Opposite RMZ Ecospace Business Park, Sarjapur Outer Ring Road, Marathahalli, Bangalore",MTH,22195593543,Robert Michaud,SKU_33,-1.0,-1.0
175,"10/3, Devarabeesanahali, Outer Ring Road, Opposite Embassy Tech Park, Marathahalli, Bangalore",MTH,86439214657,Lola Lomago,SKU_66,-1.0,-1.0
176,"Shop 37, 3rd Cross, Outer Ring Road, Kadubisnahalli, Marathahalli, Bangalore",MTH,48712626536,Gary Nelson,SKU_7,-1.0,-1.0
177,"2nd Floor, All Season Super Market Building, Panathur Road, Kadubeesanahalli, Panathur, Marathahalli, Bangalore",MTH,79263517463,Willie Kirkwood,SKU_127,-1.0,-1.0
178,Best Of Bengal,MTH,32519389307,Diane Jones,SKU_91,-1.0,-1.0
179,"89/1, Tulasi Theater Road, Near SBR Palace, Marathahalli, Bangalore",MTH,98486281871,Terry Sanabria,SKU_150,-1.0,-1.0
180,"20/5, Narayanswamy Building, Kadubeesanahalli Bridge, Outer Ring Road, Kadubeesanahalli, Marathahalli, Bangalore",MTH,48552195740,Barbara Capehart,SKU_42,-1.0,-1.0
181,"90/4, Above Sony Centre, Opposite Park Plaza, Outer Ring Road, Marathahalli, Bangalore",MTH,51656603551,Patrick Gilliam,SKU_55,-1.0,-1.0
182,"Kadubeesanahalli, Near Aricent Technologies, Marathahalli, Bangalore",MTH,19455702296,John Granderson,SKU_140,-1.0,-1.0
183,"94/2, Panathur Railway Station Road, Opp to JP Morgan (Outer Ring Road), Munnireddy Layout, Panathur, Bangalore",MTH,98312518779,Patricia Haislip,SKU_120,-1.0,-1.0
184,"89/1, Service Road, Marathahalli, Bangalore",MTH,55026656606,Carolyn Buchan,SKU_139,-1.0,-1.0
185,"88, KBR Complex, More Mega Store, Marathahalli, Bangalore",MTH,73406214406,Jane Jones,SKU_148,-1.0,-1.0
186,"Panathur Main Road, Kadubeesanahalli, Marathahalli, Bangalore",MTH,47015403024,Anita Valdez,SKU_112,-1.0,-1.0
187,"127, Kadubisannhalli, Panathur Main Road, Marathahalli, Bangalore",MTH,45180804640,Carrie Lumpkin,SKU_77,-1.0,-1.0
188,"Ground Floor, Vims Hospital Buidling, Opposite to More, Marathahalli, Bangalore",MTH,31203804545,Katie Kochevar,SKU_61,-1.0,-1.0
189,"77 Town Center, Yemalur Road, Marathahalli Village, Marathahalli, Bangalore",MTH,66199582549,Rose Lau,SKU_79,-1.0,-1.0
190,"Near Madurai Idly, SGR Dental College Road, CKB Layout, Chandra Layout, Marathahalli, Bengalore",MTH,16213830807,Adam Shelquist,SKU_127,-1.0,-1.0
191,"Ground Floor, More Megastore, Service Road, Marathahalli, Bangalore",MTH,13002857017,Ivan Kinley,SKU_62,-1.0,-1.0
192,"88, Outer Ring Road, Next To More Mega Store, Marathahalli, Bangalore",MTH,15691083877,Kevin Schneider,SKU_97,-1.0,-1.0
193,"88, 1st Floor, VIMS Hospital Building, Outer Ring Road, Marathahalli, Bangalore",MTH,62758300340,Mary Duffy,SKU_90,-1.0,-1.0
194,"Ikon Building, Next to Sony Centre, Outer Ring Road, Marathahalli",MTH,54016008457,James Allen,SKU_102,-1.0,-1.0
195,"3, Srinivasa Nilayam, Vidya Vikas School Road, Panathur New Extension, Kaverappa Layout, Marathahalli, Bangalore",MTH,43727711975,Ricky Aschenbrenner,SKU_68,-1.0,-1.0
196,"First Floor, Raja Ikon, Opposite Hotel Radisson Blu, Near Marathahali Bridge, Marathahalli, Bangalore",MTH,24526739732,Marie Harris,SKU_129,-1.0,-1.0
197,"Shop 217, 2nd main road, Kadubeesanahalli Croma, Back Side road Near Kumbeshwara Temple Marathahalli, Bangalore",MTH,72580152196,Patrick Payne,SKU_90,-1.0,-1.0
198,"88, 3rd Floor, KBR Mall, Above More Mega Store, Outer Ring Road, Marathahalli, Bangalore",MTH,34889886477,Emma Saulsberry,SKU_113,-1.0,-1.0
199,"Near Madurai Idly, SGR Dental College Road, CKB Layout, Chandra Layout, Marathahalli, Bengalore",MTH,65188908427,Mary Paongo,SKU_48,-1.0,-1.0
200,"1st Floor, NTR Royal Plaza, Outer Ring Road, Marathahalli, Bangalore",MTH,18924249557,Charles Albrecht,SKU_10,-1.0,-1.0
201,"20/5, Outer Ring Road, Kadubeesanahalli, Marathahalli, Bangalore",MTH,49862610786,Naomi Daniels,SKU_89,-1.0,-1.0
202,"Kadubeesanahalli, Marathahalli Outer Ring Road, Opposite JP Morgan, Varthur Hobli, Marathahalli, Bangalore",MTH,56516948976,Robert Clarke,SKU_63,-1.0,-1.0
203,"Yemalur, Marathahalli, Bangalore",MTH,12358732625,Annie Farrior,SKU_139,-1.0,-1.0
204,"20\5, Panathur Junction, Outer Ring Road, Kadubeessanahalli, Marathahalli, Bangalore",MTH,22660986194,Delores Dupont,SKU_149,-1.0,-1.0
205,"Outer Ring Road, Opposite to JP Morgan, Kodbisanhalli, Marathahalli, Bangalore",MTH,25907907008,Frank Lester,SKU_103,-1.0,-1.0
206,"Shop 7, 8 Opposite, Airtel Express, Panathur Main Road, Marathahalli, Bangalore",MTH,61450912280,Tommy Mason,SKU_129,-1.0,-1.0
207,"Srinivasa Nilayam, Site 3, Vidya Vikas School Road, Panathur New Extension, Kaverappa Layout, Marathahalli, Bangalore",MTH,60841023934,Bobbie Scarborough,SKU_3,-1.0,-1.0
208,"Salarpuria Sattva Aura, Kiosk 6, Foodworks Food Court, Block 11, Marathahalli - Sarjapur Outer Ring Road, Kaverappa Layout, Kadubeesanahalli, Marathahalli, Bangalore",MTH,35828962763,Jesse Vaness,SKU_25,-1.0,-1.0
209,"23/4, Kariyammana Agrahara Road Kadubisinahalli, Prestige Tech Park Back Gate, Marathahalli, Bangalore",MTH,87093968225,Russell Diamond,SKU_69,-1.0,-1.0
210,"Plot 302, Shop 1, 2nd Cross, Kadubesanahalli, Panathur Main Road, Marathahalli, Bangalore",MTH,71791751983,Dorothy Davis,SKU_44,-1.0,-1.0
211,"6,Opposite Prestige Tech Park, Kadubeesanhalli Bus Stop, Marathahalli, Bangalore",MTH,75026092650,Herman Boulds,SKU_100,-1.0,-1.0
212,"18, Prakruthi Enclave, Panathur Road, Kadubeesanahalli, Marathahalli, Bangalore",MTH,41891691354,Catherine Wilson,SKU_78,-1.0,-1.0
213,"Shop 217, 2nd Main Road Kadubeesanahalli Croma Back Side Road Near Kumbeshwara Temple Marathahalli, Bangalore",MTH,49695767650,Mary Compton,SKU_53,-1.0,-1.0
214,"77 Town, Building No 3, Divya Shree Building, Yamalur Post, Marathahalli, Bangalore",MTH,62165843566,Aaron Davis,SKU_5,-1.0,-1.0
215,"Near kaka singh dhaba, RMZ eco world backgate",MTH,70987447117,Holly Sallee,SKU_104,-1.0,-1.0
216,"41, Kadubeesanahalli, Marathahalli, Bangalore",MTH,17162566322,Tracy Vanhoy,SKU_87,-1.0,-1.0
217,"5, KBR Mall Complex, Ground Floor, More Mega Store, Varthur Hobli, Marathahalli, Bangalore",MTH,32184021928,Harry Heishman,SKU_138,-1.0,-1.0
